id|firstName|lastName|gender|birthday|creationDate|locationIP|browserUsed
6906|Hao|Wang|male|1986-12-04|2010-04-10T10:52:28Z|1.2.0.21|Chrome
8443|David|Dube|female|1985-09-11|2013-01-14T00:38:52Z|41.76.224.19|Chrome
4909|Serghei|Barbu|female|1987-10-04|2011-08-10T00:54:22Z|212.0.192.12|Opera
534|Fernanda|Costa|male|1984-03-09|2010-11-06T07:20:22Z|192.147.210.15|Firefox
8372|Gordon|Murray|male|1981-02-03|2010-05-08T05:50:43Z|41.160.0.3|Chrome
977|Peter|Redl|female|1986-06-28|2012-09-30T08:29:04Z|31.41.184.6|Firefox
6995|Jun|Chen|male|1986-11-06|2011-07-08T09:09:42Z|14.1.0.7|Firefox
9480|Brian|Adams|female|1982-02-22|2011-10-19T07:05:21Z|163.60.0.1|Chrome
3175|Kunal|Sharma|male|1982-08-23|2011-09-23T04:02:16Z|49.238.32.2|Firefox
6791|Wei|Wang|female|1989-07-14|2012-01-24T02:55:35Z|27.131.220.3|Internet Explorer
2343|A.|Nair|male|1984-06-15|2012-01-17T07:15:51Z|59.176.0.3|Firefox
8829|Kittipol|Boy|female|1983-08-01|2010-10-29T09:03:56Z|27.100.40.14|Chrome
1426|Baruch|Mamo|male|1983-04-08|2012-08-28T01:30:48Z|213.55.64.14|Internet Explorer
2196|R.|Singh|male|1985-09-19|2010-08-06T01:00:12Z|61.95.224.2|Firefox
38|Adel|Abdelli|male|1983-02-07|2011-03-18T05:45:47Z|196.41.224.4|Firefox
3425|Arun|Kapoor|male|1989-07-25|2010-08-01T09:27:56Z|49.128.108.11|Chrome
7998|Barry|Murphy|male|1982-10-30|2011-02-13T07:59:20Z|84.18.160.14|Internet Explorer
8899|Abderraouf|David|male|1981-04-14|2012-02-05T08:12:51Z|196.216.156.9|Firefox
303|Carlos|Dom Pedro II|male|1985-02-08|2011-07-02T03:50:28Z|198.12.32.1|Chrome
2263|Arvind|Singh|male|1981-04-09|2010-10-27T11:35:10Z|1.38.0.0|Firefox
8888|Karim|Cardinale|male|1989-04-26|2010-12-28T01:57:41Z|196.203.0.11|Firefox
8354|Dick|Tan|male|1988-12-09|2010-11-30T11:19:45Z|103.3.60.10|Firefox
941|Francisco|Gutierrez|male|1984-04-15|2012-01-19T06:45:38Z|200.0.24.18|Firefox
7767|Richard|Cruz|female|1988-11-28|2011-07-23T11:29:16Z|27.106.216.5|Chrome
3501|Ashok|Chopra|male|1981-12-11|2012-07-17T03:42:28Z|58.68.0.10|Firefox
6963|Chen|Li|female|1981-03-04|2013-01-06T04:58:00Z|1.88.0.5|Firefox
2983|Aditya|Khan|female|1988-09-13|2011-04-24T05:19:59Z|61.2.0.14|Chrome
3715|Chris|Balawan|female|1983-04-28|2011-10-26T07:02:25Z|27.121.80.3|Internet Explorer
3459|Karan|Khan|female|1982-05-22|2012-09-07T03:05:27Z|14.1.96.16|Firefox
2714|Arjun|Singh|female|1986-06-19|2013-01-24T11:46:18Z|101.208.0.5|Internet Explorer
1248|David|Taylor|female|1987-10-21|2011-05-02T06:23:40Z|31.22.40.8|Chrome
884|Gabriel|Rojas|female|1982-06-25|2013-01-31T02:17:53Z|190.112.128.16|Internet Explorer
4936|Artur|Codreanu|male|1988-09-06|2010-03-18T07:50:28Z|188.237.0.3|Firefox
1219|David|Taylor|female|1989-11-29|2011-01-28T10:10:57Z|199.103.82.17|Firefox
9633|David|Clark|female|1980-08-30|2010-11-21T00:26:11Z|23.32.0.5|Chrome
8723|Edward|Adhia|male|1986-12-11|2011-05-06T02:22:51Z|196.45.32.19|Chrome
75|Jean|Abderrahmane|male|1984-12-15|2012-09-08T08:53:28Z|41.96.0.6|Firefox
5885|Li|Zhang|female|1982-04-18|2010-09-30T08:32:02Z|27.34.232.18|Chrome
4814|Jose|Cardenas|male|1984-03-08|2011-04-03T09:28:08Z|189.205.128.10|Chrome
1489|Christophe|Michel|male|1988-08-05|2010-05-26T03:17:09Z|46.245.232.4|Firefox
6388|Zhi|Yang|male|1986-03-11|2012-12-05T07:18:17Z|1.4.64.12|Internet Explorer
4960|Mordechai|Dayan|male|1980-10-02|2010-05-29T02:57:03Z|41.87.128.12|Chrome
1734|Xiomara|Fernandez|male|1983-05-18|2012-03-23T05:49:43Z|200.107.208.8|Firefox
5805|Ge|Zhou|female|1982-04-17|2010-05-30T08:44:43Z|1.2.32.9|Internet Explorer
5742|Michael|Chen|male|1983-11-12|2011-09-01T07:30:36Z|27.106.128.8|Chrome
7271|Lei|Li|male|1981-11-19|2012-08-23T03:13:03Z|27.121.72.10|Chrome
7868|Piotr|Kaczmarek|female|1980-11-25|2012-05-14T11:53:56Z|31.41.24.6|Internet Explorer
2791|Nikhil|Rao|female|1980-12-31|2010-02-15T00:11:45Z|103.1.6.15|Internet Explorer
7583|Ben|Yang|male|1988-10-13|2010-07-23T10:41:06Z|1.4.4.16|Internet Explorer
3910|Abdul Haris|Anwar|female|1981-08-05|2010-10-08T00:32:48Z|103.22.164.19|Chrome
3568|John|Singh|male|1985-04-22|2010-09-20T06:35:58Z|27.255.128.3|Chrome
5346|Tariq|Hussain|female|1984-09-25|2012-12-24T05:13:20Z|39.32.0.10|Chrome
3767|Zaenal|Budjana|male|1987-05-06|2010-02-11T00:58:30Z|103.3.71.13|Internet Explorer
8087|Eugenia|Dobrunov|male|1986-06-09|2010-10-13T04:18:28Z|2.92.0.4|Chrome
540|Paulo|Alves|female|1986-05-14|2010-08-27T11:06:53Z|192.207.206.20|Firefox
5153|Imran|Qureshi|female|1988-01-09|2010-07-25T11:00:23Z|110.232.188.9|Firefox
2675|R.|Khan|female|1985-07-29|2010-03-04T02:15:22Z|14.139.0.5|Firefox
8552|Luis|Suarez|male|1985-02-08|2012-05-02T09:26:57Z|46.183.112.17|Chrome
5839|Chen|Chen|female|1980-11-26|2011-03-03T10:16:46Z|1.2.4.19|Firefox
1257|Michael|Smith|female|1988-02-02|2011-06-25T08:33:10Z|204.79.230.3|Firefox
3755|Abdul Rahman|Rafiq|female|1984-04-21|2011-11-29T11:28:34Z|112.78.128.5|Firefox
9698|Frank|Davis|female|1985-08-18|2011-02-20T04:20:32Z|4.0.0.1|Firefox
5409|Chen|Zhou|female|1984-03-20|2012-04-28T11:25:54Z|14.192.76.13|Internet Explorer
7454|Bichang|Xu|female|1985-04-19|2011-11-25T04:53:26Z|1.188.0.4|Firefox
9569|Richard|King|female|1984-06-13|2011-05-20T10:51:26Z|24.56.192.1|Firefox
2618|Ashok|Chopra|female|1986-03-09|2010-09-12T00:18:56Z|103.1.128.20|Firefox
495|Carlos|Santos|female|1988-09-16|2011-01-21T00:27:55Z|170.66.0.0|Firefox
1631|Karl|Schmidt|female|1988-08-18|2012-12-18T00:21:18Z|199.103.97.2|Firefox
5593|Cheng|Wang|male|1985-09-06|2010-11-22T09:52:53Z|27.152.0.1|Internet Explorer
8214|Dmitry|Ivanov|male|1988-01-12|2010-02-26T05:09:30Z|31.47.128.15|Chrome
6776|Jun|Wu|female|1981-12-25|2011-03-02T00:13:09Z|14.112.0.4|Firefox
7157|Chen|Zhang|female|1988-11-11|2010-02-04T00:22:51Z|1.4.2.21|Firefox
4130|Hassan|Kamkar|female|1987-07-08|2011-10-05T02:34:00Z|46.18.248.8|Chrome
5007|Behati|Hoffmann|male|1988-09-12|2011-02-06T03:31:15Z|196.216.32.14|Chrome
8285|Dmitry|Popov|male|1986-01-02|2010-07-10T10:25:39Z|31.28.32.1|Internet Explorer
2889|Priyanka|Singh|female|1984-07-29|2011-02-16T05:44:17Z|49.236.0.0|Chrome
7869|Avraham|Kaczmarek|female|1980-11-15|2012-04-15T01:59:45Z|31.6.128.16|Firefox
1627|Otto|Fischer|male|1987-04-20|2012-05-06T08:13:38Z|31.185.104.7|Internet Explorer
9072|Oleksandr|Kofler|male|1982-12-01|2012-03-27T09:28:37Z|46.37.192.18|Chrome
8403|Denis|Coetzee|male|1983-06-05|2010-12-04T09:00:41Z|41.66.128.1|Internet Explorer
4849|Francisco|Gonzalez|male|1985-10-17|2012-03-07T10:53:10Z|187.161.0.15|Firefox
5081|Ab|Dam|female|1982-12-31|2010-03-15T04:29:35Z|46.29.240.7|Chrome
7768|Francis|Garcia|male|1989-03-15|2011-03-26T01:12:01Z|115.146.128.2|Internet Explorer
6488|Yang|Zhou|male|1983-05-23|2010-04-03T06:32:30Z|27.121.120.9|Internet Explorer
347|Wilson|Santos|female|1988-05-22|2012-07-08T04:55:42Z|192.153.88.18|Chrome
7697|Eddie|Santos|female|1987-06-03|2010-02-22T11:35:02Z|113.20.160.18|Internet Explorer
1822|Deepak|Roy|male|1986-10-15|2010-05-06T01:55:51Z|1.187.0.8|Chrome
7423|Lei|Liu|male|1985-07-28|2010-11-25T00:07:27Z|1.204.0.9|Internet Explorer
2362|Deepak|Kapoor|male|1983-09-18|2010-03-17T11:31:24Z|27.100.12.6|Internet Explorer
5074|Adriaan|Smeets|female|1982-02-14|2010-05-05T05:27:14Z|46.231.80.12|Firefox
9692|Tom|Smith|male|1981-12-22|2012-04-20T06:50:16Z|24.48.128.18|Firefox
7107|Lin|Zhao|male|1981-06-17|2010-12-17T00:41:25Z|1.51.0.3|Safari
4636|Marc|Mangalaza|male|1983-02-15|2012-05-08T10:18:31Z|41.77.16.4|Firefox
4188|Andrea|Donati|female|1987-11-07|2012-12-22T03:37:20Z|31.44.160.1|Firefox
4260|Takashi|Tanaka|female|1981-06-25|2010-02-25T11:51:15Z|27.123.208.12|Firefox
3773|Ahmad|Anwar|female|1988-01-03|2010-03-23T09:06:39Z|49.236.216.4|Internet Explorer
6510|Yang|Li|male|1982-08-31|2011-01-15T02:48:54Z|27.106.128.9|Chrome
4276|Akira|Ito|female|1985-01-16|2010-03-31T00:34:44Z|27.131.192.11|Firefox
4557|Alex Obanda|Aga|female|1989-07-30|2011-11-01T01:26:37Z|41.204.160.9|Internet Explorer
4416|Hiroshi|Kato|male|1983-10-09|2010-03-04T10:50:49Z|27.80.0.5|Firefox
30|||||||
9701|||||||
25|||||||
32|||||||
15|||||||
9800|||||||
10|||||||
9805|||||||
9900|||||||
9700|||||||
20|||||||